"","junction_aa","minFrequency","maxFrequency","meanFrequency","numberSamples","prevalence","antigen","LivMet_01","LivMet_02","LivMet_03","LivMet_04","LivMet_05","LivMet_06","LivMet_07","LivMet_08","LivMet_09","LivMet_10","LivMet_11","LivMet_12","LivMet_13","LivMet_14","LivMet_15","LivMet_16","LivMet_17","LivMet_18","LivMet_19","LivMet_20","LivMet_22","LivMet_23","LivMet_24","LivMet_25","LivMet_26","LivMet_27","LivMet_28","LivMet_29","LivMet_30","LivMet_31","LivMet_32","LivMet_33","LivMet_34","LivMet_35","LivMet_36","LivMet_37","LivMet_38","LivMet_39","LivMet_40","LivMet_41","LivMet_42","LivMet_43","LivMet_44","LivMet_45","LivMet_46","LivMet_47","LivMet_48","LivMet_49","LivMet_50","LivMet_51","LivMet_52","LivMet_53","LivMet_54","LivMet_55","LivMet_56","LivMet_57","LivMet_58","LivMet_59","LivMet_60","LivMet_61","LivMet_62","LivMet_63","LivMet_64","LivMet_65","LivMet_66","LivMet_67","LivMet_68","LivMet_69","LivMet_70","LivMet_71","LivMet_72","LivMet_73","LivMet_74","LivMet_75","LivMet_76","LivMet_77","LivMet_78","LivMet_79","LivMet_80","LivMet_81","LivMet_82","LivMet_83","LivMet_84","LivMet_85","LivMet_86","LivMet_87","LivMet_88","LivMet_89","LivMet_90","LivMet_91","LivMet_92","LivMet_93"
"1","CASSFEGNYGYTF",0.0011598685482312,0.0235783331881912,0.00455514139089312,11,0,NA,0.00213375259700152,0.00371164632134609,0,0,0,0,0,0,0,0,0,0.00150020627836327,0,0,0,0,0,0,0,0,0.000922343778022597,0,0,0,0,0,0,0,0.0235783331881912,0,0,0,0.00127634228663811,0,0.000543946330628711,0,0,0,0.00427184466019417,0,0,0,0,0,0,0.00125808770668584,0,0,0,0,0,0,0,0,0.000243981782693559,0,0,0,0,0,0,0,0,0,0,0.00639004380947066,0,0,0,0.000451161741484322,0,0,0,0,0,0,0.000523671360837874,0.00200853627918654,0,0.00281789362451567,0,0,0,0,0.0011598685482312,0,0,0,0,0.000436748535607851,0,0
"2","CASSLGQAYEQYF",0.00104943699123578,0.0417421664383259,0.00960147240327394,9,0,"EBV, HomoSapiens",0,0,0,0,0.00219206193740964,0,0,0,0,0,0,0,0,0,0,0,0,0,0,0,0,0,0,0,0,0,0.00298612330932724,0.000277019678657173,0,0.0122812404052809,0,0,0.00104943699123578,0,0,0,0.00238427541288672,0,0,0,0,0,0,0.00349442869387486,0,0.000826743350107836,0,0,0,0,0,0.0417421664383259,0,0,0,0,0,0,0,0,0,0,0,0,0.0126067635286331,0,0,0,0.00767675491249131,0,0,0,0,0,0,0,0,0,0,0,0,0,0,0,0,0,0,0,0,0,0,0
"3","CSVGTGGTNEKLFF",0.00164831542163908,0.0200988383941308,0.00516911513242009,9,0,"EBV",0,0,0.000254097319273282,0,0,0.00036908380373426,0,0.00871860993430343,0,0,0,0,0,0,0,0,0,0,0,0,0,0.000356856097778571,0.00378764358894753,0,0,0,0,0.000974698869349312,0,0,0,0,0,0,0.00208512760074339,0,0,0,0,0.00179551581435083,0,0.00276303351995928,0,0.00164831542163908,0,0,0,0,0.000389881787841926,0,0,0,0,0.00366104797498284,0,0,0.00043369836278868,0,0,0,0.000941225685003137,0.000282805429864253,0,0,0,0,0,0,0,0,0,0,0,0,0.0200988383941308,0,0,0,0,0,0,0,0,0,0,0,0,0.00196390394272361,0,0,0,0
"4","CASSREGDQPQHF",0.00171627108711122,0.0103374012921752,0.00427152860303431,7,0,NA,0.00786119377842664,0,0,0,0,0,0,0,0,0,0.00217016659220017,0,0,0,0,0,0,0,0,0,0,0,0,0,0,0,0,0,0,0,0,0,0,0,0,0,0,0,0,0.00336595272319899,0,0,0,0,0,0,0,0,0,0,0.000411082792074324,0,0.0103374012921752,0.000228815498436427,0,0.00171627108711122,0,0,0,0,0,0,0,0,0,0,0,0,0,0,0,0,0,0,0,0,0,0.00251067034898318,0,0,0,0,0,0,0.0005154971325472,0,0,0.00193904439914483,0,0,0,0
"5","CASSPQRNTEAFF",0.00108789266125742,0.00980255354775693,0.00340172547410497,7,0,"CMV",0,0,0,0,0,0,0,0,0.000474055613495686,0,0,0,0,0,0,0,0,0,0,0.00072992700729927,0,0,0,0,0,0,0,0,0,0,0,0,0,0,0.00108789266125742,0,0,0,0,0,0,0.00472624154729877,0,0,0,0,0,0,0,0,0,0,0.00166547020818378,0.00160170848905499,0,0,0,0,0,0,0,0,0,0,0,0,0,0,0.0033171163202123,0,0.00161109554497058,0,0,0,0,0,0,0,0,0,0,0,0,0,0,0,0,0,0,0,0,0.00980255354775693
"6","CASSLEGDQPQHF",0.00150640220938991,0.0532881242412826,0.0120013962370425,6,0,"InfluenzaA",0,0.00412405146816232,0,0,0,0,0,0.000306993307545896,0,0,0,0,0,0,0,0,0,0,0,0,0,0,0,0,0,0,0,0,0,0,0,0,0,0,0.000861248356828793,0,0,0,0.00262135922330097,0,0,0,0.000325302429602521,0,0,0.00348670021567218,0,0,0,0,0,0,0,0.000152543665624285,0.000325309043591412,0.0532881242412826,0,0,0,0,0,0,0,0,0,0,0,0,0.00698174006444683,0,0,0,0,0,0,0,0,0.00150640220938991,0,0,0,0,0,0,0,0,0,0,0,0,0,0.000401172120281867
"7","CASSSGPNYEQYF",0.00201988812927284,0.00707939178790553,0.00494472140395683,6,0,NA,0,0,0,0,0.00573667272981671,0,0,0,0,0,0,0,0,0,0,0,0,0,0,0,0,0,0,0,0,0,0,0.00707939178790553,0,0,0,0,0.00589953768046062,0,0.00439689950591542,0,0.00453593859036985,0,0,0,0,0,0,0,0,0,0,0,0,0,0,0,0,0,0,0,0,0,0,0,0,0,0,0,0,0,0,0,0,0,0,0,0,0,0,0.00201988812927284,0,0,0,0,0,0,0,0,0,0,0,0,0,0,0,0
"8","CASSPGQDYGYTF",0.00109028054779949,0.0141597028783658,0.00423980339962903,6,0,NA,0,0,0,0,0,0.00188884064264003,0,0,0,0,0,0,0,0,0,0,0,0,0,0,0,0,0,0.0141597028783658,0.0004015661078205,0,0,0,0,0,0,0,0,0,0,0,0,0.000818376791962976,0,0,0,0,0,0,0,0,0,0,0,0,0,0,0,0,0,0,0,0,0,0,0,0,0,0,0,0,0,0,0,0,0.00280190529560101,0.00109028054779949,0,0,0,0,0,0,0,0.00401549841493484,0,0,0,0,0,0,0,0,0,0,0,0.00148259261843299
"9","CASSEDGMNTEAFF",0.00106780565936999,0.00694295999247561,0.00271357626801642,6,0,NA,0,0,0,0,0,0,0,0,0,0,0,0,0,0,0,0,0,0,0,0,0,0.000535284146667856,0,0,0,0,0,0.00223667740545421,0,0,0,0,0,0.000472968056465109,0,0,0,0.00062083756631674,0,0,0,0,0.00276507065162143,0,0,0,0,0,0,0,0,0,0,0.00106780565936999,0.0019925178919974,0,0,0,0,0,0,0,0,0.00694295999247561,0,0,0,0,0,0,0,0.0012764260071799,0,0,0,0,0,0,0,0,0,0,0,0,0,0,0,0,0,0,0,0
"10","CASSPDGNYGYTF",0.001933114247052,0.0463487457097413,0.0119810629119482,5,0,NA,0.000449211073052951,0,0,0,0,0.000455927051671732,0,0.000736783938110149,0,0,0.000255313716729431,0,0,0,0,0,0,0,0.00281489481484886,0,0,0,0,0,0,0,0,0,0,0,0,0,0,0,0,0,0,0,0,0,0,0,0,0,0,0,0,0,0.000405477059355603,0,0,0,0,0.000152543665624285,0,0,0,0,0,0,0,0,0,0,0,0.0463487457097413,0,0.000488376636061731,0,0,0,0,0,0,0,0,0.00683603425093765,0,0,0.00197252553716097,0,0,0,0,0.001933114247052,0,0,0,0,0.000719350529236461,0,0
"11","CASSLQGANYEQYF",0.00104377724565604,0.0117356392835083,0.00563394135473633,5,0,NA,0.0117356392835083,0,0,0,0,0,0,0.00104377724565604,0.00694830084923677,0,0.00504244590540627,0,0,0,0,0,0,0,0,0,0,0,0,0,0,0,0,0,0,0,0,0,0,0,0,0,0,0,0,0,0,0,0,0,0,0,0,0,0,0.00339954348987422,0,0,0,0.000457630996872855,0,0,0,0,0,0,0,0,0,0,0,0,0,0,0,0,0,0,0,0,0,0,0,0,0,0,0,0,0,0,0,0,0,0,0,0,0,0
"12","CASSDSSGANVLTF",0.00109136006614303,0.00752269779507134,0.00417666972470543,5,0,NA,0,0,0,0,0,0,0,0,0,0,0,0,0.00646836247134532,0.00453309156844968,0,0,0,0.000695120255804254,0,0,0,0,0,0.000942159593642471,0,0,0,0,0,0,0,0,0,0,0,0,0,0,0,0,0,0,0,0,0.000616227319411161,0,0,0,0,0,0.00016443311682973,0,0,0,0,0,0,0,0,0,0,0,0,0,0,0.000446465943019784,0,0,0,0,0,0,0,0,0,0,0,0,0.00109136006614303,0,0,0,0,0,0,0,0,0.00126783672251777,0,0,0.00752269779507134,0
"13","CASSPEGNYGYTF",0.00115473441108545,0.00713122578471559,0.00360681877593107,5,0,NA,0.00713122578471559,0.00115473441108545,0,0,0,0,0,0,0,0,0.000829769579370652,0.00051757116603533,0,0,0,0,0,0,0.000258510748302446,0,0,0,0,0,0,0,0,0,0,0,0,0,0,0,0,0,0,0,0.0016504854368932,0.000665005857166973,0,0,0,0,0,0,0,0,0.000701787218115467,0,0,0,0,0.000152543665624285,0.000975927130774236,0,0,0,0,0,0,0,0,0,0,0.000544130368055362,0,0,0,0,0,0,0,0,0,0,0,0,0,0,0,0,0,0,0.005477157033314,0,0,0,0,0.00262049121364711,0,0
"14","CASSLIGVSSYNEQFF",0.00133090501541048,0.00600551443318482,0.0024867714040738,5,0,"CMV, InfluenzaA",0,0,0,0,0,0,0,0,0,0,0,0,0,0,0,0,0,0,0,0,0,0,0,0,0,0,0,0,0,0,0,0,0,0,0,0,0,0,0,0.00600551443318482,0,0,0,0,0,0,0,0,0,0,0,0,0.00189519023689878,0.000152543665624285,0,0,0,0,0,0,0,0,0,0,0,0,0,0,0.00154798761609907,0.00165425971877585,0.00133090501541048,0,0,0,0,0,0,0,0,0,0,0,0,0,0,0,0,0,0,0,0,0.000680248377869253
"15","CASSQETGSYEQYF",0.0011207621182404,0.00417658200184547,0.00230258524024601,5,0,"EBV",0,0,0,0,0,0,0,0,0.000419877829096179,0,0,0,0,0,0,0,0,0,0,0,0.000512413210012554,0,0,0,0,0,0,0,0.00219890272576853,0,0,0,0,0,0,0,0,0,0,0,0,0,0,0,0,0.00248023005032351,0,0,0,0.00417658200184547,0,0,0,0,0,0,0,0,0,0,0,0,0,0,0.00153644930505216,0,0,0,0,0,0.0011207621182404,0,0,0,0,0,0,0,0,0,0,0,0,0,0,0,0,0,0,0,0,0.00043605665248029
"16","CAIGTGDSNQPQHF",0.0031423114951714,0.0244230570216289,0.00975427606288906,4,0,"EBV",0,0,0,0,0,0,0,0,0.0031423114951714,0.00337236533957845,0,0,0,0,0,0,0,0.000417072153482553,0,0,0,0,0.0244230570216289,0,0,0,0,0,0,0,0,0,0,0,0,0,0,0,0,0,0,0,0,0,0,0,0,0,0,0,0,0,0,0,0,0,0,0,0,0,0,0,0,0,0,0,0,0,0,0,0,0,0,0,0,0,0,0,0,0,0,0,0,0.0080793703951775,0,0,0,0,0,0,0,0
"17","CASSPNYSNQPQHF",0.00155661442304265,0.00842270761974283,0.00405549421360654,4,0,NA,0.00842270761974283,0,0,0,0,0,0,0,0,0,0.00274462245484139,0,0,0,0,0,0,0,0,0,0,0,0,0,0,0,0,0,0,0,0,0,0,0,0,0,0,0,0,0,0,0,0,0,0,0,0.0034980323567993,0,0,0,0,0,0,0,0,0,0,0,0,0,0,0,0,0,0,0,0,0,0,0,0,0,0.00155661442304265,0,0,0,0,0,0,0,0,0,0,0,0,0,0,0,0,0,0,0
"18","CASSPGPNYEQYF",0.00135436583811345,0.00442127965492451,0.00280772112713912,4,0,NA,0,0,0,0,0,0,0,0,0,0,0,0,0,0,0,0,0,0,0,0,0,0,0,0,0,0,0,0,0,0,0,0,0.00311994781178206,0,0,0,0,0,0,0,0,0,0,0,0,0.00442127965492451,0,0,0,0,0,0,0,0,0,0,0,0,0,0,0,0,0,0,0,0,0,0,0,0,0,0,0,0.00135436583811345,0,0.000582660037290242,0.00233529120373647,0,0,0,0,0,0,0,0,0,0,0,0,0.000436748535607851,0,0
"19","CASSGDGMNTEAFF",0.00177265676933304,0.00328104173074951,0.0027144254595193,4,0,NA,0,0,0,0.00328104173074951,0,0,0,0.000429790630564254,0,0,0,0,0,0,0,0,0,0,0,0,0,0,0.00283555831522302,0,0,0,0,0,0,0,0,0,0,0,0,0,0,0,0,0,0,0,0,0,0,0,0,0.00177265676933304,0,0,0,0,0,0,0.00296844502277163,0,0,0,0,0,0,0,0,0,0,0,0,0,0,0,0,0,0,0,0,0,0.000919963201471941,0,0,0,0,0,0,0,0,0,0,0,0,0,0,0
"20","CASSLEGNYGYTF",0.00122979170403013,0.00421767744674828,0.00223178589573514,4,0,NA,0,0.00173210161662818,0,0,0,0,0,0,0,0,0,0,0,0,0,0,0,0,0,0,0.00122979170403013,0,0,0,0,0,0,0,0,0,0,0,0,0,0,0,0,0,0.00174757281553398,0,0,0,0,0,0,0.000970524802300503,0,0,0,0,0,0,0,0,0,0,0,0,0,0,0,0,0,0,0,0,0,0,0,0,0,0,0,0,0,0,0.00421767744674828,0.000502134069796636,0,0,0,0,0,0,0,0,0,0,0,0,0,0
"21","CASSPSRNTEAFF",0.00143571128658694,0.00275141782244932,0.00209439877835747,4,0,"CMV",0.00275141782244932,0,0,0,0,0,0,0,0.00143571128658694,0,0.00057445586264122,0,0,0,0,0,0,0,0,0,0,0,0,0,0,0,0,0,0,0,0,0,0,0,0,0,0,0,0,0,0,0,0,0,0,0,0,0,0,0.000534213976980234,0,0,0,0.000381359164060712,0,0,0,0,0.000555864369093941,0,0,0,0,0,0,0,0,0,0.00208504454413344,0.00210542146026017,0,0,0,0,0,0,0,0,0,0,0,0,0,0,0,0,0,0,0,0,0,0
"22","CASSLGETQYF",0.00119760479041916,0.00276916990835366,0.00195310757009869,4,0,NA,0,0,0,0,0,0,0,0,0,0,0,0,0,0,0,0,0,0,0,0.000437956204379562,0.000307447926007532,0,0,0,0,0,0,0,0,0,0,0,0,0,0,0,0,0,0,0,0,0,0,0.00276916990835366,0,0,0,0,0,0,0,0,0,0,0,0,0,0,0,0,0,0,0,0,0,0,0,0,0,0,0.00210142897170076,0,0,0.000478011472275335,0,0,0,0,0,0.00119760479041916,0,0,0,0,0,0.000372404804021972,0,0,0,0,0,0.00174422660992116
"23","CASSLRSRSYEQYF",0.00109206989247312,0.00263939293962389,0.00190550754004958,4,0,NA,0,0.00263939293962389,0,0,0,0,0.00109206989247312,0,0,0,0,0,0,0,0,0,0,0,0,0,0,0,0,0,0,0,0,0,0,0,0,0,0,0,0.00126920810480033,0,0,0,0.00262135922330097,0,0,0,0,0,0,0,0,0,0,0,0,0,0,0,0,0,0,0,0,0,0,0,0,0,0,0,0,0,0,0,0,0,0,0,0,0,0,0,0,0,0,0,0,0,0,0,0,0,0,0,0,0
"24","CASSQGYEQYF",0.00117948401975196,0.00157428121633938,0.00136681751406125,4,0,NA,0,0,0,0,0,0,0,0,0,0,0,0,0.00157428121633938,0.00117948401975196,0,0,0,0,0,0,0,0,0,0,0,0,0,0.00129275850040014,0,0,0,0,0,0,0,0,0,0.000733717123828875,0,0,0,0,0,0,0.00142074631975351,0,0,0,0,0,0,0,0,0,0,0,0,0,0,0,0,0,0,0,0,0,0,0.000488376636061731,0,0,0,0,0,0,0,0,0,0,0,0,0,0,0,0,0,0,0,0,0,0,0,0
"25","CASSSLNTEAFF",0.00151491609695463,0.0450115588595259,0.019533762470507,3,0,"EBV",0,0,0,0,0,0,0,0,0,0,0,0,0,0,0,0,0,0,0,0,0,0,0,0,0,0,0,0,0,0.000270909714822374,0,0,0,0,0.0450115588595259,0,0,0,0,0,0,0,0,0,0,0,0,0,0,0,0,0,0,0,0,0,0,0,0,0,0,0,0,0,0,0,0,0,0,0,0,0,0,0,0,0.00151491609695463,0,0,0,0,0,0,0,0,0,0,0,0,0,0.0120748124550406,0,0
"26","CASTGHLNEKLFF",0.00101428450680416,0.0338900599967569,0.0127534609622321,3,0,NA,0,0,0,0,0,0,0,0,0,0,0,0,0,0,0.00101428450680416,0,0,0,0,0,0,0,0,0,0,0,0,0,0,0,0,0,0,0,0,0,0,0,0,0,0,0,0,0,0,0,0,0,0,0,0,0,0,0,0,0,0,0,0,0,0.000418322526668061,0,0,0,0,0,0,0,0,0,0,0,0,0,0,0,0,0,0,0,0.0338900599967569,0,0,0,0,0,0,0.00335603838313529,0,0,0,0
"27","CASSPTVAGEQYF",0.00393528640139921,0.0127463641978775,0.0075179553613512,3,0,NA,0.0127463641978775,0,0,0,0,0,0,0,0,0,0.00587221548477692,0,0,0,0,0,0,0,0,0,0,0,0,0,0,0,0,0,0,0,0,0,0,0,0,0,0,0,0,0,0,0,0,0,0,0,0.00393528640139921,0,0,0,0,0,0,0,0,0,0,0,0,0,0,0,0,0,0,0,0,0,0,0,0,0,0,0,0,0,0,0,0,0,0,0,0,0,0,0,0,0,0,0,0,0
"28","CASSSGQAYEQYF",0.00222861250898634,0.0107001628285648,0.00720124795193684,3,0,"EBV",0,0,0,0,0.00867496851825941,0,0,0,0,0,0,0,0,0,0,0,0,0,0,0,0,0,0,0,0,0,0,0,0,0.000252849067167549,0,0,0,0,0,0,0.0107001628285648,0,0,0,0,0,0,0,0,0.00222861250898634,0,0,0,0,0,0,0,0,0,0,0,0,0,0,0,0,0,0,0,0,0,0,0,0,0,0,0,0,0,0.000388440024860162,0,0,0,0,0,0,0,0,0,0,0,0,0,0,0,0
"29","CASSRPGQGNTEAFF",0.00116306117701791,0.0155718018422233,0.00616905613848159,3,0,NA,0,0,0,0,0.00177230539620354,0,0,0.000306993307545896,0,0,0,0,0,0,0,0,0,0,0,0,0,0,0,0,0,0,0,0,0,0,0,0,0,0,0,0,0.00116306117701791,0,0,0,0,0,0,0,0,0,0,0,0,0,0,0,0,0,0,0,0,0.0155718018422233,0,0,0,0,0,0,0,0,0,0,0,0,0.000840571588680303,0,0,0,0,0,0,0,0,0,0,0,0,0,0,0,0,0,0,0,0,0
"30","CSVGQGGTNEKLFF",0.00106633856249359,0.01320500879644,0.0055660859484815,3,0,"EBV",0,0,0,0.00106633856249359,0,0,0,0,0,0,0,0,0,0,0,0,0,0,0,0,0,0,0.01320500879644,0,0,0,0,0,0,0,0,0,0,0,0,0,0,0.00242691048651089,0,0,0,0,0,0,0,0,0,0,0,0,0,0,0,0.00091526199374571,0,0,0,0,0,0,0,0,0,0,0,0,0,0,0,0,0,0,0,0,0,0,0,0,0,0,0,0,0,0,0,0,0,0,0,0,0,0
"31","CASSARTGELFF",0.0034459403258196,0.00651487857404071,0.00497269329911178,3,0,"EBV",0,0,0,0.000410130216343689,0,0,0,0,0.00651487857404071,0.000562060889929742,0,0,0,0,0,0,0,0,0,0,0,0,0.000538135154713857,0,0,0,0,0,0,0,0,0,0,0,0,0,0,0,0,0,0,0,0,0,0,0,0,0,0,0,0,0.000662924824324922,0,0,0,0,0,0,0,0,0,0,0,0,0,0,0,0,0,0,0,0,0.0034459403258196,0,0,0,0,0,0,0,0.00495726099747504,0,0,0,0,0,0,0,0,0,0,0
"32","CASSLQGGNYGYTF",0.0012418483798655,0.00865076438721389,0.00452105255338199,3,0,NA,0,0,0,0,0,0,0,0,0.0036705448930666,0,0,0,0,0,0,0,0,0,0,0,0,0,0,0,0,0,0,0,0,0,0,0,0.00865076438721389,0,0,0,0,0,0,0,0,0,0,0,0,0,0,0,0,0,0,0,0,0,0,0,0,0,0,0,0,0,0,0,0,0,0,0,0,0,0,0,0,0,0.0012418483798655,0,0,0,0,0.000845368087354702,0,0,0,0,0,0,0,0,0,0,0,0
"33","CATSRVAGETQYF",0.00342733787924517,0.00535477569245796,0.00445630820337569,3,0,NA,0,0,0,0,0,0,0,0,0,0,0,0,0,0,0,0,0,0,0,0,0,0,0,0,0,0,0,0,0,0,0,0,0,0,0,0,0,0,0,0.00342733787924517,0,0,0,0,0,0,0,0,0,0,0,0,0,0,0,0,0,0,0,0,0,0,0,0,0,0,0,0,0,0.00458681103842394,0,0,0,0,0,0,0,0,0,0,0,0,0,0,0,0,0,0,0,0,0,0.00535477569245796
"34","CASSSEGNYGYTF",0.002577485662736,0.00740216545184347,0.00429707517382699,3,0,NA,0,0,0,0,0,0,0,0,0,0,0,0.000667591793871657,0,0,0,0,0,0,0,0,0,0,0,0,0,0,0,0,0,0,0,0,0,0,0,0,0,0,0,0,0,0,0,0,0,0.00291157440690151,0,0,0,0,0,0,0,0.000228815498436427,0,0,0,0,0,0,0,0,0,0,0,0,0,0,0,0.000676742612226483,0,0,0,0,0,0,0.00740216545184347,0,0,0,0,0,0,0,0.002577485662736,0,0,0,0,0,0,0
"35","CASSLGVYEQYF",0.00264596417771575,0.00405661063814305,0.00347791469034138,3,0,NA,0,0,0,0,0.00373116925516534,0,0,0,0,0,0,0,0,0,0,0,0,0,0,0,0,0,0,0,0,0,0,0,0,0,0,0,0,0.00405661063814305,0,0,0.00264596417771575,0,0,0,0,0,0,0,0,0,0,0,0,0,0,0,0,0,0,0,0,0,0,0,0,0,0,0,0,0,0,0,0,0,0,0,0,0,0,0,0,0,0,0,0,0,0,0,0,0,0,0,0,0,0,0
"36","CASSTGPMGEQYF",0.00101638927709313,0.00778524988140748,0.00331976339311278,3,0,NA,0,0,0.00101638927709313,0,0,0,0,0,0,0,0,0,0,0,0,0,0,0,0,0,0,0,0,0,0,0,0,0,0,0,0,0,0,0,0,0,0,0,0,0,0.00115765102083772,0,0,0,0,0,0,0,0,0,0,0,0,0,0,0,0,0,0,0,0,0,0,0,0,0.00778524988140748,0,0,0,0,0,0,0,0,0,0,0,0,0,0,0,0,0,0,0,0,0,0,0,0,0,0
"37","CATSRDSSGANVLTF",0.00131083073898083,0.00677087869023774,0.00326912506991085,3,0,NA,0,0,0,0,0.00172566578051397,0,0,0,0,0,0,0,0,0,0,0,0,0,0,0,0,0,0,0.00131083073898083,0,0,0,0,0.00677087869023774,0,0,0,0,0,0,0,0.000843219353337986,0,0,0,0,0,0,0,0,0,0,0,0,0,0,0,0,0,0,0,0,0,0,0,0,0,0,0,0,0,0,0,0,0,0,0,0,0,0,0,0,0,0,0,0,0,0,0,0,0,0,0,0,0,0,0
"38","CASSESYSNQPQHF",0.00231217421107286,0.00387425570087626,0.00316896598772173,3,0,NA,0,0,0,0,0,0,0,0,0,0,0,0,0,0,0,0,0,0,0,0,0,0,0,0,0,0,0,0,0,0,0.00387425570087626,0.00332046805121608,0,0,0,0,0,0,0,0.00231217421107286,0,0,0,0,0,0,0,0,0,0,0,0,0,0,0,0,0,0,0,0,0,0,0,0,0,0,0,0,0,0,0,0,0,0,0,0,0,0,0,0,0,0,0,0,0,0,0,0,0,0,0,0
"39","CASSLGGNQPQHF",0.00133756257882065,0.00442376630310426,0.00303075643276416,3,0,NA,0,0.000659848234905972,0,0,0,0.000314806773773339,0,0,0,0,0,0,0,0,0,0,0,0,0,0,0,0,0,0,0,0,0,0,0,0,0,0,0,0,0,0,0,0,0.000485436893203883,0,0,0,0,0,0,0,0,0,0,0,0.000493299350489189,0,0.00333094041636755,0.00442376630310426,0,0,0,0,0,0,0,0,0,0,0,0,0.00133756257882065,0,0,0.000375968117903602,0,0,0,0,0,0,0,0,0,0,0.000602284046422201,0,0,0,0,0,0,0,0,0,0,0
"40","CASSPGTGTYGYTF",0.00102909369985348,0.00621414913957935,0.00281021818064618,3,0,"CMV",0,0,0,0,0,0,0,0,0,0,0,0,0,0,0,0,0,0,0,0,0,0,0,0,0,0,0,0,0,0,0.0011874117025057,0.000649390430680635,0,0,0,0,0,0,0,0,0,0,0,0,0,0,0,0,0,0,0,0,0,0,0,0,0,0,0,0,0,0,0,0,0,0,0,0,0,0,0,0,0,0.00621414913957935,0,0,0,0,0,0,0,0,0,0,0,0,0,0,0,0,0,0.00102909369985348
"41","CASSLEGANQPQHF",0.00164962058726493,0.00378640776699029,0.0025847163402383,3,0,NA,0,0.00164962058726493,0,0,0,0,0,0,0,0,0,0,0,0,0,0,0,0,0,0,0,0,0.00231812066645969,0,0,0,0,0,0,0,0,0,0,0,0,0,0,0,0.00378640776699029,0,0,0,0,0,0,0,0,0,0,0,0,0,0,0,0,0,0,0,0,0,0,0,0,0,0,0,0,0,0,0,0,0,0,0,0,0,0,0,0,0,0,0,0,0,0,0,0,0,0,0,0,0
"42","CASSQDRLTGGYTF",0.00152543665624285,0.0035032304379038,0.00255530030962667,3,0,"EBV",0.000336908304789713,0,0,0,0,0,0,0.000859581261128507,0,0,0,0,0,0,0,0,0,0,0,0,0,0,0,0,0,0,0,0,0,0,0,0,0,0,0,0,0,0,0,0,0,0,0,0,0,0,0,0,0,0,0,0,0.0035032304379038,0.00152543665624285,0,0,0,0,0,0,0,0,0,0,0,0,0,0.00263723383473335,0,0,0,0,0,0,0,0,0,0,0,0,0,0,0,0,0,0,0,0,0,0,0,0
"43","CASSLERATNEKLFF",0.00104147521901611,0.004113710321115,0.00220953870662757,3,0,NA,0,0,0,0,0,0,0,0.004113710321115,0,0,0,0,0,0,0,0,0,0,0,0,0,0,0,0,0,0,0,0,0,0,0.0014734305797516,0.00104147521901611,0,0,0,0,0,0,0,0,0,0,0,0,0,0,0,0,0,0,0,0,0,0,0,0,0,0,0,0,0,0,0,0,0,0,0,0,0,0,0,0,0,0,0,0,0,0,0,0,0,0,0,0,0,0,0,0,0,0,0,0
"44","CASSPGTNYGYTF",0.00105411103302881,0.00307193972308532,0.00197007871154403,3,0,NA,0,0,0,0,0,0,0,0,0,0,0,0,0.00178418537851797,0.00307193972308532,0,0,0,0,0,0,0,0,0,0,0.00105411103302881,0,0,0,0,0,0,0,0,0,0,0,0,0,0,0,0,0,0,0,0,0,0,0,0,0,0,0,0,0,0,0,0,0,0,0,0,0,0,0,0,0,0,0,0,0,0,0,0,0,0,0,0,0,0,0,0,0,0,0,0,0,0,0,0,0,0,0
"45","CASSFEGDQPQHF",0.00139213444041167,0.00300853441394978,0.00193528784727298,3,0,NA,0,0,0,0,0,0,0,0.00300853441394978,0,0,0,0,0,0,0,0,0,0,0,0,0,0,0,0,0,0,0,0,0,0,0,0,0,0,0.0014051946874575,0,0,0,0,0,0,0,0,0,0,0,0,0,0,0,0,0,0,0,0,0,0,0,0,0,0,0,0,0,0,0,0,0,0,0,0,0,0,0,0.00098074179743224,0,0,0,0,0,0,0,0,0,0,0,0,0.00139213444041167,0,0,0,0
"46","CASSSAYYGYTF",0.00154423119347011,0.00236670655497939,0.00184576886963568,3,0,"CMV",0,0,0,0,0,0,0,0,0,0,0,0,0,0,0,0,0,0,0,0,0,0,0,0,0,0,0,0,0,0,0,0,0,0,0,0,0,0,0,0,0,0,0,0,0,0,0,0,0,0,0,0,0,0,0,0,0.00162636886045755,0,0,0,0,0,0,0,0,0,0,0,0,0,0,0.00236670655497939,0,0,0,0,0,0,0,0,0,0,0.00154423119347011,0,0,0,0,0,0,0,0,0
"47","CASSLEAEYEQYF",0.00126424533583774,0.00225334260489926,0.00184274962088606,3,0,NA,0,0,0,0,0,0,0,0,0,0,0,0,0.00201066092192118,0.00225334260489926,0,0,0,0,0,0,0,0,0,0,0,0,0,0,0,0.00126424533583774,0.00059803947060506,0.000416590087606445,0,0,0.000362630887085808,0,0,0,0,0,0,0,0,0,0,0,0,0,0,0,0,0,0,0,0,0,0,0,0,0,0,0,0,0,0,0,0,0,0,0,0,0,0,0,0,0,0,0,0,0,0,0,0,0,0,0,0,0,0,0,0,0
"48","CASSISVYGYTF",0.00100426813959327,0.00221035181433045,0.00169196578056711,3,0,NA,0,0,0,0,0,0,0,0.00221035181433045,0,0,0,0,0,0,0,0,0,0,0.00186127738777761,0,0,0,0,0,0,0,0,0,0.000761995994078203,0,0,0,0,0,0,0,0,0,0,0,0,0,0,0,0,0,0,0,0,0,0,0,0,0,0,0.000962786219598979,0,0,0,0,0,0,0,0,0,0,0,0,0,0,0,0,0,0,0,0,0,0.00100426813959327,0,0,0,0,0,0,0,0,0,0,0,0,0,0
"49","CASSLGTSGLYEQYF",0.00121027152178489,0.00254097319273282,0.00166368633296278,3,0,NA,0,0,0.00254097319273282,0,0,0,0,0,0,0,0,0,0,0,0,0,0,0,0,0,0,0,0,0,0,0,0,0,0,0,0,0,0,0,0,0,0,0,0,0,0.00121027152178489,0,0,0,0,0,0,0,0,0,0,0,0,0,0,0,0,0,0,0,0,0,0,0.00123981428437064,0,0,0,0,0,0,0,0,0,0,0,0,0,0,0,0,0,0,0,0,0,0,0,0,0,0,0,0
"50","CASSLWGNTEAFF",0.0010722533817222,0.00203883495145631,0.00160705900042532,3,0,NA,0.000336908304789713,0.0010722533817222,0.000635243298183204,0,0,0,0,0,0,0,0,0,0,0,0,0,0,0,0,0,0,0,0,0,0,0,0,0,0,0,0,0,0,0,0,0,0,0,0.00203883495145631,0,0,0,0,0,0,0,0,0,0,0,0,0,0,0,0,0,0,0,0,0,0,0,0,0.00171008866809744,0,0,0,0,0,0,0,0,0,0,0,0,0,0,0,0,0,0,0,0,0,0,0,0,0,0,0,0
"51","CASSQETQYF",0.0011589134677944,0.00212299200339679,0.00152648237269748,3,0,"HCV",0,0,0,0,0,0,0,0,0,0,0,0,0,0,0,0,0,0,0,0.000583941605839416,0,0,0,0,0,0,0,0,0,0,0,0,0,0,0,0,0,0,0,0,0,0,0,0,0,0,0,0,0,0,0,0,0,0.000762718328121425,0.0011589134677944,0,0,0,0,0,0,0,0,0,0,0.00129754164690125,0,0,0,0,0,0,0,0,0,0,0.00212299200339679,0,0,0,0,0,0,0,0,0,0,0,0,0,0,0
"52","CASSPSTGELFF",0.00106842795396047,0.00176483564968012,0.00146970301490658,3,0,"HomoSapiens",0,0,0,0,0,0,0,0,0,0,0,0,0,0,0,0,0,0,0,0,0,0,0,0,0,0,0,0,0,0,0,0,0,0,0,0,0,0,0,0,0,0,0,0,0,0,0,0,0,0.00106842795396047,0,0,0,0,0,0,0,0,0,0,0,0,0,0,0.00157584544107914,0,0,0,0,0,0,0,0,0,0,0,0,0,0,0,0,0,0.00176483564968012,0,0,0,0,0,0,0,0,0
"53","CASSVTENYGYTF",0.00108733335434461,0.00165161432872097,0.00145577993329577,3,0,NA,0,0,0,0,0,0,0,0,0,0,0,0,0.00165161432872097,0.00162839211682173,0,0,0,0,0,0,0,0,0,0,0,0,0,0,0,0,0,0,0,0,0,0,0,0,0,0.000762199020906761,0,0,0,0,0,0,0,0,0,0,0,0,0,0,0,0,0,0,0,0,0,0,0,0,0.00108733335434461,0,0,0,0,0,0,0,0,0,0,0,0,0,0,0,0,0,0,0,0,0,0,0,0,0,0,0
"54","CASSPPTESYGYTF",0.00135077055320194,0.00159824463978546,0.00143563673317355,3,0,NA,0.000336908304789713,0,0,0,0,0,0,0.00135077055320194,0.00159824463978546,0,0,0,0,0,0,0,0,0,0,0,0.00135789500653327,0,0,0,0,0,0,0,0,0,0,0,0,0,0,0,0,0,0,0,0,0.000436268450519887,0,0,0,0,0,0,0,0,0,0,0,0.000152543665624285,0,0,0,0,0,0,0,0,0,0,0,0,0,0,0,0.000902323482968644,0,0,0,0,0,0,0,0,0,0,0,0,0,0,0.0004510599909788,0,0,0,0,0,0,0
"55","CASSLGGTMNTEAFF",0.00135332946667771,0.00150387247161441,0.00142478106196818,3,0,NA,0,0,0,0,0,0,0,0,0,0,0,0,0.00135332946667771,0.00141714124761243,0,0,0,0,0,0,0,0,0,0,0,0,0,0,0,0,0,0,0,0,0,0,0,0,0,0,0,0,0,0,0,0,0,0,0,0,0,0,0,0,0,0,0,0,0,0,0,0,0,0,0,0,0,0,0,0.00150387247161441,0,0,0,0,0,0,0,0,0,0,0,0,0,0,0,0,0,0,0,0,0,0
"56","CASSHRDRNYEQYF",0.0010029296101771,0.00201946661813013,0.00142405549704219,3,0,NA,0,0,0,0,0,0,0,0,0,0,0,0,0,0,0,0,0,0,0,0,0,0,0,0,0,0,0,0,0,0,0.00201946661813013,0.00124977026281933,0,0,0,0,0,0,0,0,0,0,0,0,0,0,0,0,0,0,0,0,0,0,0,0,0,0.0010029296101771,0,0,0,0,0,0,0,0,0,0,0,0,0,0,0,0,0,0,0,0,0,0,0,0,0,0,0,0,0,0,0,0,0,0
"57","CASSLGPNTEAFF",0.00110475821300514,0.00200853627918654,0.00142207473823998,3,0,NA,0,0,0,0,0,0,0,0,0,0,0,0,0,0,0,0,0.000269174978690314,0,0,0,0.00115292972252825,0,0,0,0,0,0,0,0,0,0,0,0,0,0,0.00110475821300514,0,0,0,0,0,0,0,0.000527460934924507,0,0,0,0,0,0,0,0,0,0,0,0,0.000975821316274531,0,0,0,0.000836645053336122,0,0,0,0,0,0,0,0,0,0,0,0,0,0,0,0,0.00200853627918654,0,0,0,0,0,0,0,0,0,0,0,0,0,0
"58","CASSGTDSYEQYF",0.00104460131049983,0.00190572989454961,0.00135178724164666,3,0,NA,0,0,0.00190572989454961,0,0,0,0,0,0,0,0,0,0,0,0,0,0,0,0,0,0,0,0,0,0,0,0,0,0,0,0,0,0,0,0,0,0,0,0,0,0.00110503051989055,0,0,0,0,0,0,0.00104460131049983,0,0,0,0,0,0,0,0,0,0,0,0,0,0,0,0,0,0,0,0,0,0,0,0,0,0,0,0,0,0,0,0,0,0,0,0,0,0,0,0,0,0,0,0
